date,from,to,word
20210129,stakan,mango,bc1qy2083z665ux68zda3tfuh5xed2493uaj8whdwv
20210129,vampire,mango,bc1qvyp2gg6heau0whkxvzvevwantg2rcchlrumfn0
20210129,mango,terry,14uqhwzwhf0coal1utny3okwrjn
20210201,mango,stern,1fwwrt88wjybzp4nornebgtgjrxhi2j9ym
20210203,mavemat,stern,1htyxycrshijmlynru7atpdmjrzg9mzwzf
20210205,mavemat,stern,1htyxycrshijmlynru7atpdmjrzg9mzwzf
20210206,mavemat,stern,1htyxycrshijmlynru7atpdmjrzg9mzwzf
20210208,mavemat,stern,1htyxycrshijmlynru7atpdmjrzg9mzwzf
20210208,mango,tunri,14uqhwzwhf0coal1utny3okwrjn
20210214,mango,stern,1fwwrt88wjybzp4nornebgtgjrxhi2j9ym
20210216,mango,stern,1fwwrt88wjybzp4nornebgtgjrxhi2j9ym
20210217,viper,mango,bc1q3efl4m2jcr6gk32usxnfyrxh294sr8plmpe3ye
20210222,buza,veron,3evkbeac2z8nrplrml4lf9i6wbgtuasernuni3gjduaxdbvya37halxju
20210222,buza,veron,3x3zu6wdhtz0i2s22njpkflvajxdtjgrkhvxmibn4y36o5
20210222,buza,veron,17cthmdnsce9jgiwuybtrk2utygjsdybpzbq4qexw60xksq47jxj
20210222,carter,stern,1mxtwuph4cwaz4en4kqvnzadx5gpk9etuc
20210222,carter,stern,1mxtwuph4cwaz4en4kqvnzadx5gpk9etuc
20210225,grant,sunday,15gjb8f5zd8xrkbcgvxsr8zuvzr7ybtncn
20210226,buza,veron,3evkbeac2z8nrplrml4lf9i6wbgtuasernuni3gjduaxdbvya37halxju
20210226,buza,veron,3x3zu6wdhtz0i2s22njpkflvajxdtjgrkhvxmibn4y36o5
20210226,buza,veron,17cthmdnsce9jgiwuybtrk2utygjsdybpzbq4qexw60xksq47jxj
20210301,mango,stern,bc1qnf6drcfl786d70wlhfytyr5xg3qqgknlsh8dc3
20210301,carter,stern,17mc4qm7ka9jhqeub5ltxp3gw3tsdyujgq
20210302,stakan,mango,bc1qy2083z665ux68zda3tfuh5xed2493uaj8whdwv
20210302,bekeeper,mango,172kvkhmql5cu1hn884rbarzu5ddl5hwe3
20210302,mavemat,stern,15quly9y2hjj1i85lijgmywchhaqngkcsx
20210303,mango,professor,bc1qc39qwc3nl2eyh2cu4ct6tyh9zqzp9ye993c0y2
20210303,grant,sunday,1llrl4vzajttpjubh5vpbd8zug73chusq3
20210304,mango,professor,bc1qc39qwc3nl2eyh2cu4ct6tyh9zqzp9ye993c0y2
20210305,mavemat,stern,15quly9y2hjj1i85lijgmywchhaqngkcsx
20210311,bentley,driver,1758bb12ff990bbf3878132b2bb0ff77
20210311,carter,stern,1q6ssw88b94a4p3rxtfr4prxvhqqjawvec
20210312,carter,stern,1q6ssw88b94a4p3rxtfr4prxvhqqjawvec
20210313,carter,stern,1q6ssw88b94a4p3rxtfr4prxvhqqjawvec
20210314,ramon,twin,1c30bb745fdd04afe5f0a4c8754d4031
20210315,mango,stern,bc1qyz0mpmjewkjmmd6sc5s7j2zvce3ufg04d803sv
20210315,many,stern,3n4oho2uxfkfbfuaptopgluxjhxqxv4vrj
20210315,many,stern,3n4oho2uxfkfbfuaptopgluxjhxqxv4vrj
20210316,many,stern,3n4oho2uxfkfbfuaptopgluxjhxqxv4vrj
20210316,mango,stern,bc1qyz0mpmjewkjmmd6sc5s7j2zvce3ufg04d803sv
20210317,stakan,mango,bc1qy2083z665ux68zda3tfuh5xed2493uaj8whdwv
20210322,viper,stern,bc1qsm35q5gu8awj5cu2r3hrzecvcvs7sn8lxn2pfx
20210322,idgo,grant,3f4b08af3fdb2856e66387fb31ca07b3
20210325,carter,stern,12yqdqmq3t6bckpkmrwfmqrju4umxbcqvf
20210329,kagas,stern,1kq5tkv7nwjg2a67fp6uztc7ege6hwaxux
20210331,stakan,mango,bc1qy2083z665ux68zda3tfuh5xed2493uaj8whdwv
20210331,bekeeper,mango,172kvkhmql5cu1hn884rbarzu5ddl5hwe3
20210401,sonar,mango,bc1qz8g58ym9lrln4kk87g4kks3hg82hr8hc858nd3
20210402,sonar,mango,bc1qz8g58ym9lrln4kk87g4kks3hg82hr8hc858nd3
20210406,carter,stern,1cwbkihug1yw7hgdyxetxk9nqfuc6gkxzj
20210406,alarm,boby,3c5szwcxjpxutxe8nrq2pj5oqrkrzdrfudgmmgz93ihgrld6pcr0emumjzjihjsb
20210413,kagas,stern,1qaprzhpz3qkafbo59yyxjauhclkdufsfn
20210413,mango,tiktak,1ds9dvvd4k86ppqhg8ta9xfveaaw7nxzfa
20210414,kagas,stern,1qaprzhpz3qkafbo59yyxjauhclkdufsfn
20210414,mango,stern,bc1q4qvnjchr3y9wpm78qlnr6659qrtnnt5pfgn6p5
20210414,mango,stern,bc1q4qvnjchr3y9wpm78qlnr6659qrtnnt5pfgn6p5
20210415,mango,stern,bc1qwjg3qcugy8n6778783a4rrxvn4nvx58yjg07dt
20210415,many,grant,3esohhu87mtrfnsnuamveft3vywrygfshq
20210416,many,grant,3esohhu87mtrfnsnuamveft3vywrygfshq
20210416,pin,reshaev,1zawkfxpauj5cflmqsuxtlnopqzyncub
20210416,reshaev,stern,bc1qy0gz9dhhck0nwg2nm5feeufczjms7m0vyvsmss
20210419,bentley,stern,14hnaqfsqdtgvsnr91jlcbcktdydddfp6d
20210422,mango,hors,3b09fe181c5b7724cd82f272929ebb877c9667ee
20210429,mavemat,stern,1gxrhar42ehxhnxm2nfkxq5gptmxdr5q5j
20210430,mango,stern,bc1qg285up24wyrfd9dwrnucwnpj247g70wxz48kg9
20210430,viper,mango,bc1qlafd7lsrwrgfnszh5pl7tzsptcnm7jwz9zvh6a
20210430,viper,mango,bc1qlafd7lsrwrgfnszh5pl7tzsptcnm7jwz9zvh6a
20210430,bullet,mango,3cvvwhowfkgoqew2cze5dmmyvsqrgtqvah
20210430,spoon,mango,bc1qh83mkj8um9y7n5tqkfuyglyw9xnf55wdvn8j9q
20210430,bekeeper,mango,bc1qrr9v7txnjxxrqvpajan5ssmcntp5mwdn065jks
20210501,mango,stern,bc1qclzlkq8j3ckmulye0k5xpzfymsxxha735mlauf
20210501,mango,stern,bc1qclzlkq8j3ckmulye0k5xpzfymsxxha735mlauf
20210504,rand,bentley,bc1qdxrwlru9hr0frts6sxjkeeevc9za5k32r3zsgx
20210504,bentley,stern,bc1qdxrwlru9hr0frts6sxjkeeevc9za5k32r3zsgx
20210505,lemur,hash,12khi1l1kundjsvkg5j56frnbfrud3zjuu
20210505,mango,stern,bc1qclzlkq8j3ckmulye0k5xpzfymsxxha735mlauf
20210505,bentley,stern,bc1qdxrwlru9hr0frts6sxjkeeevc9za5k32r3zsgx
20210505,bentley,stern,bc1qdxrwlru9hr0frts6sxjkeeevc9za5k32r3zsgx
20210507,stern,bentley,1axiwetqqqoa52jk5cmjkbapuw8nr7vuyz
20210507,netwalker,stern,1hlvh27bxapbqx3r2fmcuumpfs2ggdbjl
20210507,many,stern,3esohhu87mtrfnsnuamveft3vywrygfshq
20210511,salamandra,stern,bc1qkfuf2cd87w2u2frrlgatuhvuwj6clr8zyxlrum
20210514,many,stern,3esohhu87mtrfnsnuamveft3vywrygfshq
20210514,kevin,stern,31inpqpchryvspenaxrbc6kmyh4naqyntr
20210514,spoon,mango,bc1q3ts2gkcfcx8a007gclltdcc47f9j4sx68cf7zn
20210514,stakan,mango,bc1qtqtau58ej7gedrgg32u0r3vt5twnkmqkfk63l5
20210517,viper,mango,bc1qy9s0z859gcvt62ydp9r4sy3cl83za36tjsnqpa
20210517,sonar,mango,bc1q2ca6jfml0fvnke43dm5ade3hzagjyjfmyqw2p8
20210517,kevin,stern,31inpqpchryvspenaxrbc6kmyh4naqyntr
20210520,vampire,mango,bc1qd7f5t5vtadrlz0ms09qw4qqcgypgj7pnpastdd
20210521,salamandra,stern,12v63phix8fvegyewx5w1d2qrdjjsawqqm
20210521,salamandra,stern,1hfqlt3fbuewze5ncjautgncs6hn1zzx5r
20210521,salamandra,stern,1pemrxvq5nbds6q19pcuzfd4kxvgovvoe3
20210521,netwalker,stern,16evveiz6hkkv9wabysjfjg1qa7dzjgufp
20210524,salamandra,buza,3a5349b3252d1da6211fa790b0a4d2085e8e6c8ae1823b319f55e8e9893426e8
20210524,carter,stern,1b8sfxkptmqr86dkfd3rft38a5tnccdzd8
20210525,salamandra,buza,3a5349b3252d1da6211fa790b0a4d2085e8e6c8ae1823b319f55e8e9893426e8
20210525,carter,stern,1b8sfxkptmqr86dkfd3rft38a5tnccdzd8
20210527,salamandra,stern,1pemrxvq5nbds6q19pcuzfd4kxvgovvoe3
20210601,mavemat,stern,1g5wlghbsmmbrt7cdfmba4aer7rnwig8fy
20210602,mavemat,stern,1g5wlghbsmmbrt7cdfmba4aer7rnwig8fy
20210602,mavemat,stern,1kfdpgc6ciwb6fnin1blwi2mox1vixanxw
20210602,carter,stern,1kbudgmq8umdoakduqlp9yapehuukfeuwf
20210603,rand,bentley,1347fbtfzzcrpq29yjrpct5f6kq5uhzhhy
20210603,carter,stern,1kbudgmq8umdoakduqlp9yapehuukfeuwf
20210604,driver,defender,1t3zq2kihaprizdh0l77ge7tmsxix34
20210604,driver,defender,3u4nf3p7xubsyklf8vehd8sxaofc8pzbwicmuvuf
20210604,driver,defender,3zrspsolcm3tfcjgy4d5bipm6e
20210605,mavemat,stern,1kfdpgc6ciwb6fnin1blwi2mox1vixanxw
20210607,bentley,stern,1goaiu7jlbjnovbvkx8dba45g4j3bfl3tm
20210608,van,stern,396pgcgzf7fak5sxmxa9nhgrzecddt2mmv
20210608,van,stern,3hquaxcj3yv2wnqe3mqsjrkglaqqgra4rq
20210609,ghost,hof,1cbl9kggx0yeiqo6tiekdcehr9mpsogfgked
20210609,ghost,hof,3i2fewwxw0ussweb7zn9r2vhajmknqdrm9
20210609,ghost,hof,1lymlbulzlrlpc06pe6foaymmbh8tcwasxmbhjc3ox36qwgpwitj
20210610,ghost,kaktus,1cbl9kggx0yeiqo6tiekdcehr9mpsogfgked
20210610,ghost,kaktus,3i2fewwxw0ussweb7zn9r2vhajmknqdrm9
20210610,ghost,kaktus,1lymlbulzlrlpc06pe6foaymmbh8tcwasxmbhjc3ox36qwgpwitj
20210610,carter,stern,bc1qwjz9p3qurgf5qnmmprhdhn8gg0d808knr9q825
20210610,carter,stern,bc1qwjz9p3qurgf5qnmmprhdhn8gg0d808knr9q825
20210612,hors,boby,bc1qhcfpza3zfd28g03ew485qrrsvy9jae5xvr9ydz
20210615,mango,stern,3c5myb2bzvqmsgtndhtvjnt72byzeflgtn
20210615,sticks,mango,1df9qtzbja79o3ybamgox5wdssspapd2me
20210615,vampire,mango,bc1q0wxas9pmy86gk2ptm3gprxcp5mdx92sed3tjhr
20210615,sonar,mango,bc1q3j4rq3k5d7ru85pecqtahcndkgx530e3g54633
20210616,ramon,stern,bc1qrjdl409wyucrwnmveq50m63dvyy7d5ws6m50gg
20210619,ali,derek,314f41b2d78ec803c74a2c89fa8e8bb4
20210621,carter,stern,bc1qstc4wgx4e2aqm4rtch0sxftr4g7gfq3fg8nwe7
20210622,carter,stern,bc1qstc4wgx4e2aqm4rtch0sxftr4g7gfq3fg8nwe7
20210622,leo,stern,3hvdgfbobqwyh4smmtvrckxeswdqjf3khv
20210629,salamandra,stern,bc1qpelsktvc6d8tuuafqzkeuyddgdsck480s8t4th
20210629,mango,stern,bc1q5aqs5hrlt3wj5xrnj0craykgsq6h8mse3cftf8
20210629,carter,stern,bc1qjez2nzlhntkmqzhnwr7nk784pvfn6srw3fncq6
20210630,bentley,stern,bc1qa2t2qweze4y545y3j5xlaqdwwjetsq082t0gqh
20210630,carter,stern,bc1qjez2nzlhntkmqzhnwr7nk784pvfn6srw3fncq6
20210701,ganesh,mango,bc1q8m55q8gvsluzfqxqz9wfgkpcwgl9zxvsqv63ua
20210701,ganesh,mango,bc1qlhhgzzll4uqvd60teqn92y467kc04mj74jqudv
20210701,elvira,mango,bc1qt24rgc8gk3xmx6fzzdwxc2c92cmp7xa8lju4za
20210701,bullet,mango,3jc3mtyyurpp7hynpastpdbpnnd8fyydzs
20210701,elvira,mango,bc1qzgmx2k26pqcce03qf73c2j7072qp46zku4uuu6
20210701,salamandra,mango,bc1qpwcdpjcvn4xll4jewpc8lqcfjr8tn5cj4hl23l
20210701,vampire,mango,bc1qlkvs2jweujlms5jnrsllaxuq6zly4wvmxysty9
20210701,viper,mango,bc1qtqr3n2pa5h43c6pulqvr56c4gz4cw96sywdplf
20210701,jumbo,mango,bc1q9klek9z8lwdnfka6f7ltsewm44a7ulcgkunvwg
20210701,sonar,mango,bc1qdstkdj3m3cdckdmva7x5pk0qxz3ylaplun4kd4
20210701,sticks,mango,bc1q4cjrllm405ktv2rm0jsh4ja5k8q9r7vmxfdcne
20210705,mango,stern,bc1qfamjhlyec63dz3gvcum7s9guu3cp5n8v3hz7ud
20210705,mango,stern,bc1qlrzkzc6nkpn9kj9krzen2rq8yfc3hc4yhcrz3h
20210712,carter,stern,bc1qvq60dqug0q9l6najzg4xtd6uxkym05tu49here
20210715,carter,twin,bc1qn3dv97k9ks7jl9764vy5s30t9vxhvmqg3ka0jv
20210716,mango,stern,bc1qkmyv5860pe24h9ytadkzgqltkjuuk9z9s027df
20210716,lemur,merch,1dsp4woswzecal9zdmmgeu1s7k1sgexfdh
20210716,many,stern,3esohhu87mtrfnsnuamveft3vywrygfshq
20210716,mango,stern,bc1qkmyv5860pe24h9ytadkzgqltkjuuk9z9s027df
20210717,many,stern,3esohhu87mtrfnsnuamveft3vywrygfshq
20210717,many,hors,3esohhu87mtrfnsnuamveft3vywrygfshq
20210718,mango,stern,bc1qkmyv5860pe24h9ytadkzgqltkjuuk9z9s027df
20210718,mango,stern,bc1qkmyv5860pe24h9ytadkzgqltkjuuk9z9s027df
20210718,many,stern,3esohhu87mtrfnsnuamveft3vywrygfshq
20210719,sticks,mango,1h4juergtbh74dp2e4n2ogmatd5sr47ixn
20210719,bekeeper,mango,bc1qv4eevjn6va749j2ydepgahptpg5wmp2gculvgr
20210719,salamandra,mango,bc1qtsks6vals5hqdvk28gsumvsxlucypnlee9x72p
20210719,stakan,mango,bc1qv4smajyuhyzzh0kj3r42js73qljykn4g7jmcaw
20210719,viper,mango,bc1qlc0sla88psaxs9wyr0ef6zn30meff9zd72pncz
20210719,elvira,mango,bc1qteth4dl689n0cuh3n63r6azcagmj4wj2m9yvht
20210720,lemur,merch,1dsp4woswzecal9zdmmgeu1s7k1sgexfdh
20210721,lemur,hash,1dsp4woswzecal9zdmmgeu1s7k1sgexfdh
20210722,carter,stern,bc1q33uvkjlvyks7d2p3v5fz5xl3j0sazrsdh7qdn5
20210726,salamandra,stern,bc1qasgfdqnd4rxfw4m0wdjyqc3008amxvw8q2z6z4
20210728,stern,zolotoy,34b507ccb8ef392ec4df5dd866b496af
20210729,mango,ford,bc1qu2k6w8gf4k7e3hgwpml6vymjv93czlc7etzuy6
20210730,lemur,hash,1dsp4woswzecal9zdmmgeu1s7k1sgexfdh
20210730,mango,stern,bc1qj320zssr8lp62ruuwfp0nj56007a36n0wa63ml
20210730,mango,stern,bc1qj320zssr8lp62ruuwfp0nj56007a36n0wa63ml
20210730,bekeeper,mango,bc1qr5wpxnxvqz7fy5a7a0l2qnklahdl64fqsnc49f
20210730,sticks,mango,bc1q7mp0j2vq2xgt7mzha0kh8rqsp5ev3927hum30h
20210730,viper,mango,bc1qqefvkkldvz4t732rajkp53j82j073s6m5cku93
20210730,elvira,mango,bc1q93uacqvu2d2hv9zga7srv3jvqwjump26fcj23t
20210730,vampire,mango,bc1q2vtrs0tt52knglpc7qv9sydvzvmz8qegxyxaak
20210731,salamandra,mango,bc1qj6nnpnnn9a0zquvpd35azeruseqnxfs3jtmwcv
20210806,many,stern,3esohhu87mtrfnsnuamveft3vywrygfshq
20210806,lemur,hash,1dsp4woswzecal9zdmmgeu1s7k1sgexfdh
20210811,grom,defender,38gfllvcpf3tzvewmtolecsdwvctqvxkv7
20210811,grom,defender,1erw0sb8dkcob51mf7lr8wnmvo9ihvwhoea0wq87eni0od1y2aicrwiqvogfnspv
20210812,carter,stern,bc1qyx35tjvwz5hepzefy8gsetcgaavrejgfpzuzrk
20210813,grant,stern,bc1qsnhfuxzprt9tdrwcp8uk0x504ye7uecf6a4aee
20210813,carter,stern,bc1qyx35tjvwz5hepzefy8gsetcgaavrejgfpzuzrk
20210813,grant,stern,bc1qsnhfuxzprt9tdrwcp8uk0x504ye7uecf6a4aee
20210816,salamandra,stern,bc1qc6fpzh8jkuy7l8nk44yx3dztz36ejwgkq8p5vf
20210817,salamandra,stern,bc1qc6fpzh8jkuy7l8nk44yx3dztz36ejwgkq8p5vf
20210820,many,stern,3esohhu87mtrfnsnuamveft3vywrygfshq
20210823,tom,stern,3esohhu87mtrfnsnuamveft3vywrygfshq
20210823,tom,stern,3esohhu87mtrfnsnuamveft3vywrygfshq
20210823,many,stern,3esohhu87mtrfnsnuamveft3vywrygfshq
20210826,carter,stern,bc1ql4myqe20sd0dpk5f407045qksj0gdcm278cfp5
20210826,carter,stern,bc1ql4myqe20sd0dpk5f407045qksj0gdcm278cfp5
20210830,gorec,hors,1k4nvpt26qwtlp2yrefkgecpkqqqhvrvjd
20210831,zulas,ttrr,14b45890605336b122fb29388502
20210831,zulas,ttrr,14b45890605336b122fb29388502
20210831,carter,twin,3qsbgncy4uwkkyxplsucytey4lyddzssn9
20210831,carter,twin,3jgbpcklynhwatqzwd2rc6vs4kzmqtplpw
20210831,carter,twin,3hkn3kr4fg5lbwptb48axlrohpnnykyhab
20210831,carter,twin,3pc7zjhcutuh8onyjud9u72j2rgh7szwak
20210831,carter,twin,3fhwdzasjv2trzzhklcrxmkypck4bwecuy
20210831,carter,twin,38zcbm8bbepvn4y7ckgl7yyyypkmssevhp
20210831,carter,twin,385webhnfnpr4ehkcalztn6zgcczt4fben
20210831,carter,twin,3kxtqmqqqnrx37a5a5jtssnzwzqotvmxje
20210831,carter,twin,393fuuzgie8iv8rxlkduiyxx6trcv9pmz7
20210831,carter,twin,36m8qir4tit2hyquocrparhzef7q8smxbv
20210903,bentley,mango,bc1qktkx0jynsfgmvlnern4zpnk8hy6u9h2zdtgtfz
20210904,spoon,mango,bc1qdehfl7kjwy0tez8eugjwmgt8m4l6jv5hfgqk3t
20210907,carter,stern,bc1qp80m6ljlvqd7rvp8nrlfq93el0nvzdhelnkqqj
20210907,carter,defender,1vc6xvwkvfdmohzpfhpvjj2h05pkv
20210907,carter,defender,3irj51a4pis0cfxyaaiucasmqalhvyb
20210911,many,stern,3esohhu87mtrfnsnuamveft3vywrygfshq
20210912,many,stern,3esohhu87mtrfnsnuamveft3vywrygfshq
20210915,bentley,netwalker,360cc79cc05f72c093bc6b68504b2b78
20210917,elvira,mango,bc1qkqztlxw4uwfdn2xsymu3pk3p2pltw4w7helfhk
20210917,viper,mango,bc1q9p5yyxsfwr987296yl5zselkczmp90uwzh95zl
20210920,love,mango,3a8xnfek2dxddhi5ptkjzfa48hfixtqdav
20210921,carter,stern,bc1q69k8ll0jmxs4d29wztrdpn4dhyus5uh6pxqrfz
20210921,mango,stern,bc1qp8kjvuqpy5u5rzrfc5jalqczvulknxek6zfdyw
20210922,mango,stern,bc1qp8kjvuqpy5u5rzrfc5jalqczvulknxek6zfdyw
20210923,wind,mango,bc1qaljhrp7md4j4ceua7q89q40p6qxwp0fk35ztwr
20210926,many,stern,3esohhu87mtrfnsnuamveft3vywrygfshq
20210929,ganesh,viper,bc1qqkc9220l6dqh8jlslfsc4xf6wxgkga5uv02vm5
20211001,wind,mango,bc1qnm79vhfq5ss9qrsfgfgcztd58w3s7hwn24lc9u
20211003,bekeeper,mango,bc1qa68vp26dapzt09xc2fd99qg9uyt90k7n6h0xmg
20211003,sticks,mango,bc1q2cjna87ayslzn63aqntt263etzxgdth55fdzjd
20211003,elvira,mango,bc1qa0klunvxhwwhxp0kced63250sczjdzltvr06tu
20211004,ganesh,viper,bc1qdshsymz4u243ku66ysdqunu4d6wamhquxc386g
20211009,many,stern,3esohhu87mtrfnsnuamveft3vywrygfshq
20211011,many,stern,3esohhu87mtrfnsnuamveft3vywrygfshq
20211011,carter,stern,bc1qnzg5lf5syvkldfnvxl6umstn6xk2czrstt3sk8
20211014,derekson,defender,35awyvrkyme3akeezp6wsjvgeoyscth44z
20211016,mango,stern,bc1q3stptj0pv6swqcyu6m5n74jamzmadsukn5ce7t
20211018,viper,mango,bc1qp04ykljcchpuufsmly6dutvjd8qtg3f563xxdw
20211018,bullet,mango,36dmb68zpezzthy9snchomvfqckgzs1grf
20211018,viper,mango,bc1qp0ncqsk5hu0d3kwq2erypdqur2yjzypdc40du8
20211018,wertu,mango,bc1qlwef5kpsu6awedge9k3qsmthfwfq0d43kphdct
20211019,sticks,mango,bc1qfx2mxw2shaek42zdgctzljp498ur8lqvvqzyxz
20211021,begemot,buran,37jcnkmygbt7h5fywuthhnrjsqjchrewdb
20211025,many,stern,3esohhu87mtrfnsnuamveft3vywrygfshq
20211026,many,stern,3esohhu87mtrfnsnuamveft3vywrygfshq
20211026,many,stern,3esohhu87mtrfnsnuamveft3vywrygfshq
20211029,many,stern,3esohhu87mtrfnsnuamveft3vywrygfshq
20211029,begemot,mango,bc1qa6kcfywen34duq6msagpdv9fffcu4d2ljh5pgq
20211029,salamandra,mango,bc1qdsp0axxxdcm595jq3wfap33ewmunxy33qp03cv
20211030,ganesh,viper,bc1qtjvs79cm5zghe95hr04e5cl9h2fh7x9chfmc6t
20211031,sticks,mango,bc1qam9e2ux49ur53hqxlraxjjtspxv88gk0ncwja9
20211031,many,stern,3esohhu87mtrfnsnuamveft3vywrygfshq
20211101,begemot,green,39apjggeilav23rpbcma5kn2yqffzwwnnw
20211102,many,stern,3esohhu87mtrfnsnuamveft3vywrygfshq
20211103,begemot,mango,3nan1bj49defb9mmkw1gfbvr5vwu5ksvzr
20211103,begemot,mango,3mqifvvowvgaq6l8opqhbk9jjw6vmgtn2n
20211103,begemot,mango,1nqxpmsjdxefj2ozbfngeoumdpl4z8frkh
20211103,begemot,mango,12bsh5bc7wkvsrv25qw6x3jyzuqdpzz4zi
20211103,begemot,mango,3cpbvktjkpiwcyu4pm4ovrqhvsqjcknr59
20211103,begemot,mango,1lcegfc6cwe194b6gavmcz56o2pbftxqwk
20211103,begemot,mango,32bg4esunjxvj9zp2rwhv66ybzrhqotqs4
20211104,begemot,mango,33i6bl4hgnl7ysdpwdp9x2swdjinnls5zu
20211104,begemot,mango,395hqdyibt16yt8jvvnj7wuzoq4ouufjcz
20211105,begemot,mango,bc1q8qfesjc2slfwe8xv3l0rxwdexms006swf7gcur
20211105,begemot,mango,bc1qvahawe2w84mgqgspcgx4uyu0vgw6r9y96srcj2
20211105,mango,stern,bc1q0q5gsymkvp7vfpuexz0eq5csufxs60npza3ct5
20211106,mango,stern,bc1q0q5gsymkvp7vfpuexz0eq5csufxs60npza3ct5
20211108,ganesh,viper,3qdnilepxkwq6soxulao4xc48d5otumivr
20211110,mavemat,stern,1nvhhvjcpewdunpujb3rabwpw2wdvz7jek
20211110,carter,stern,bc1qrkusavjestgd6lud0rjpr47x4vs2udpqesjsn8
20211110,carter,stern,bc1qrkusavjestgd6lud0rjpr47x4vs2udpqesjsn8
20211110,forum,stern,348m1wasfqnb5dmynny44gdysweh2ruybl2dt2c
20211110,forum,stern,1yasvjyojxrov5cjpunrdirtwiwo6vpojqmqc8qniekegbecaakfamgjf5kcgwwa
20211111,mango,hors,bc1qqp7nt7m7m9fju2uflds93u9n5du78q3mhx6qss
20211111,mango,hors,bc1q7cd8rxvwuqgeh2ya9vk2ekr9qutthyklzkamf8
20211115,begemot,buran,35z4uipuer5zgprguugcoxpwwz43rxchpx
20211116,mango,stern,bc1qptn5qsllcxmrndmwucelazjt0z68zkrgrlumy0
20211117,salamandra,mango,bc1qfrmrz7nx6c62qdf6gqk65yajn2k89hfy9cum44
20211117,elvira,mango,bc1qa273a36dgnrdqevnx0lftn99t2we306eu7gm2k
20211117,sticks,mango,bc1q4hxu7x9jjlx9wqx8sr6pq2gajr786gffgpw3ey
20211117,begemot,mango,bc1qmdjxd98fnk83l5k8cpvc77f9rljr7942cq0sfz
20211117,bekeeper,mango,bc1qtn42kyjuz0lc9w9gue72xr9m2a7jgsf3rk2vul
20211118,mango,stern,bc1qc2gtz9eadvr9mf2xcptyatajakx93schz35aq7
20211119,skippy,bio,bc1q6gj8ymnjh863gmuvh2nc3462trrvzlxf2atzxn
20211119,skippy,bio,bc1q6gj8ymnjh863gmuvh2nc3462trrvzlxf2atzxn
20211120,tramp,bio,1kkwkfqcb5vuwf8pndhhw38evgdchk5fmk
20211123,mango,stern,bc1qc5sn0myjvc8lj7n5xs3qdq6k9t07xn6vtew2ze
20211124,carter,stern,bc1qtdyul6azg4lfecpkyaq3gdvpypxgz2ap8cgd5f
20211124,mango,stern,bc1qc5sn0myjvc8lj7n5xs3qdq6k9t07xn6vtew2ze
20211125,bio,tramp,3m9tamuamlccpifacqpsh3th5f4vwjmywz
20211125,bio,tramp,3hrdff1yj95pfesr58kcthga3p9hcz9nmw
20211130,bio,tramp,1lyiegq9k3xsaddbqmzcsvtayjvokbtfub
20211130,bio,tramp,1lyiegq9k3xsaddbqmzcsvtayjvokbtfub
20211130,tramp,bio,1lyiegq9k3xsaddbqmzcsvtayjvokbtfub
20211130,bio,mango,bc1qtnqw53pxxp3j0a7ttuurqzuzxnn66su8svwv6k
20211201,begemot,mango,bc1qr3w2ntxztyznys7mjmvl6wv5ywpgvj9c7nz0xe
20211201,ganesh,viper,bc1qxt3gt86tpyn87e8398l97m9kx3f3wrwlejdlal
20211201,ganesh,viper,bc1qphgsh952kqwcyvqexjfsmguv28dxlgd56ccnrn
20211201,salamandra,mango,bc1qpaz0c4d7m0xx7xfflyf4cuk2xsuxev5vtlmvhs
20211201,elvira,mango,bc1qmxdamtwnwts779k2jhqea4nd4ucqhnqh8tadmc
20211201,bekeeper,mango,bc1q59g25qrrqnyvcl2jdmxh9y5c0tvnxzk4c4xrl6
20211201,sticks,mango,bc1qfyxsgmc5axdd09xfv0y2j7jl0ztpj735pj8dah
20211201,bio,tramp,bc1qgqwavrqna87kqvr9tn8lk0w4uhudhp0avd5g3f
20211202,begemot,mango,bc1qxrnwauy7dunkm3jryv3x7mun5c3c4t0s59r9e8
20211203,dino,mango,bc1qdvmlyvaq46e53r8y6e4cyj4pq8cdf8fukj82x0
20211203,derek,andy,1fb0f130ce271b1f62c07795089cea1e
20211204,mango,stern,bc1qf2lmqzwkvh6r82j7p4nx4negk3m59drj0wg6w0
20211206,begemot,grand,bc1qah9yltjk556w375sdqqt2d4lltg49vkprgnsw7
20211206,many,stern,3n4oho2uxfkfbfuaptopgluxjhxqxv4vrj
20211207,bio,tramp,1t8gdll7fhvhx6qbirzl8qsqj5ge6x4e7nxiukbvmw37jrzs6nzhluaeizf8kp8a
20211209,carter,stern,bc1q546cv2zm9vc6mfy47t6ud98m9h058mvd6e6z8a
20211209,many,stern,3n4oho2uxfkfbfuaptopgluuxjhxqxv4vrj
20211210,mango,demon,bc1qve3zp5w6x858wz6v0ydxxyyktgjm4vyfja5ehz
20211213,many,grant,3esohhu87mtrfnsnuamveft3vywrygfshq
20211213,many,stern,3n4oho2uxfkfbfuaptopgluuxjhxqxv4vrj
20211213,bentley,bloodrush,bc1qrqj988a305sgg2t4xcqqqlgqfzt87k5fk7a8f8
20211216,begemot,mango,3e6gj8cmk7dbqe2mauisjfjnrdxb4ih1sn
20211216,begemot,mango,1kmrtrryzabpncnpqhzecmhjaf5skcyeqk
20211216,wertu,mango,bc1qlwef5kpsu6awedge9k3qsmthfwfq0d43kphdct
20211216,van,mango,3abc4kzodruwvzu6jerirkypok1efmzzkt
20211216,van,mango,32zw4tvtk3svwvvgfjux8aye4wgjqh6sgi
20211216,derekson,defender,3b7amkz8vvhkaaqcp4zlnvbmgjqozcabc9
20211216,green,mango,bc1qtk37tmu9s6556zg6d97v79hfl9xsz20ppyj4nm
20211216,begemot,mango,bc1qk0nnkkk3sga4pjcvfx77l66etaz67m44ejahwx
20211216,specter,mango,bc1q9l9zx5ct4apdweyxfdwq8tdza93gefvl7v766r
20211216,bekeeper,mango,bc1qmy0vr0dgwk8m46mxl4pucgay3k0xv03772mn59
20211216,many,stern,3n4oho2uxfkfbfuaptopgluxjhxqxv4vrj
20211216,sticks,mango,bc1qgdnyyhjpsvlkyr7lwyxzpflzptzwwpjhswxdpa
20211216,elvira,mango,bc1qqtvk2hth8sjwwd7wfqhg9mav7x7ca9rccnnemf
20211217,ganesh,viper,bc1q2pnhvfkx0x9cqh8q4z96aa50rqxxcutp65ymx8
20211217,love,grant,bc1q70rw85x8m795nvkee56krg5t6nlwuh6wjl6ycg
20211217,derekson,defender,3jdkxeidx2jhmusbdb3bracahuceihck8n
20211220,derekson,mango,3lads8dljcsijdv8ryhgyk4evjbvrvxc9a
20211220,derekson,mango,169j9mvxsjjzujarg7jxdd8qiqxzs4jj6a
20211221,bentley,bloodrush,bc1qvr4p72n76sckcr69h88pazd6n76neyn93vvtpr
20211221,many,stern,3esohhu87mtrfnsnuamveft3vywrygfshq
20211224,derekson,defender,3lv3p2c73vetnywneiyobbcvgzep2t9f4cg8n3m0ah5tglexis5
20211226,mango,demon,bc1qve3zp5w6x858wz6v0ydxxyyktgjm4vyfja5ehz
20211227,mango,demon,bc1qve3zp5w6x858wz6v0ydxxyyktgjm4vyfja5ehz
20211228,neo,mango,3pnoztkdnxncezdsqegbmbziuufrl6rtl1
20211228,begemot,mango,bc1qzss3vt428z0kr6pm6sae5wtcxrfgn4edt8eetn
20211228,many,stern,3esohhu87mtrfnsnuamveft3vywrygfshq
20211228,many,stern,3esohhu87mtrfnsnuamveft3vywrygfshq
20211228,tramp,pumba,373a810a4bf0dd976a90ac095848d097
20211228,sticks,mango,bc1qst63rewj2vmnnmftuhwg6hvy5rsce2dzlhk44n
20211229,ganesh,viper,bc1qed8hy4c2hz5m2dpyv7sf3q9p97lah4x5q5d28k
20211229,mango,demon,bc1qw29f7cx035xaujcnhs6yjv70433cx078n923wh
20211229,grom,zevs,1380020fb31a0942e96759ead2b24591c1f4f38e32cd2f6dc1676926cb241e87
20220110,many,mango,3esohhu87mtrfnsnuamveft3vywrygfshq
20220110,many,terry,3esohhu87mtrfnsnuamveft3vywrygfshq
20220110,many,mango,3esohhu87mtrfnsnuamveft3vywrygfshq
20220111,derekson,mango,3c4mvjmxvu1vjjffg4phf55l1lascka8dr
20220111,derekson,mango,3c4mvjmxvu1vjjffg4phf55l1lascka8dr
20220112,green,defender,3cxt179uhff4xknqsytdmojvwejs1erbzh
20220112,green,defender,3psvm4pdnhrhwnvf8rsl72mh1ccycp3etd
20220118,tramp,pumba,112qjrwfqcaqkzsk3zcqnq1a1ywqyflbgp
20220119,mango,demon,bc1qh7k79thm9lxwtrgxlxgdqun9lsvycp5gv0yucs
20220120,wind,mango,bc1qc8nxs5uxh3vx4xpuxlkhkfysllg5tw9nr00spj
20220120,sticks,mango,bc1qggg5yarwhqde03f7qnltyyzt7gnqh66xsvrmcf
20220120,begemot,mango,bc1qlms20gsjnmtkv25kp5r3jvglq5c8yzy45s6ejs
20220120,elvira,mango,bc1qymfku42ak463uequgw3wqct0qk4jtlj2p250ck
20220123,many,love,3esohhu87mtrfnsnuamveft3vywrygfshq
20220123,many,love,3esohhu87mtrfnsnuamveft3vywrygfshq
20220124,derekson,mango,36uqdj8hgfztvjpurvsnktpjnjkjhycvuy
20220126,pumba,tramp,bc1q47tlstrwpqf8uhwwzp30483upe6havrfqv0ecj
20220127,derekson,defender,1aprgvchsa1ay1twqmnxptbjvv3vmjeq7moajg7dj4py
20220131,forest,elon,1kphtrt8mo7krs9io2vetfqo2alg7
20220131,forest,elon,3c6rdrezhvwgradljjlpf9u1vfxh9
20220201,forest,elon,1kphtrt8mo7krs9io2vetfqo2alg7
20220201,forest,elon,3c6rdrezhvwgradljjlpf9u1vfxh9
20220203,derekson,mango,3pyfql2unfzbvwci9gyqn2vypmeamcoqqv
20220206,pumba,tramp,bc1qgd5ke95svytzhfkvjp2zhnlhhv42w0wqm0uhpx
20220207,bekeeper,mango,bc1qedxzh30gvh7l6lrp2nf59zf9efckka2rt2r9z4
20220207,sticks,mango,bc1q3hefqfvzfdnagwr9dkxphlz2xs6zem5r87hygh
20220208,bonen,mango,1g5lwxmn42ued2ewvm4zmrhxgihghhdgmq
20220208,many,dandis,3esohhu87mtrfnsnuamveft3vywrygfshq
20220215,carter,mango,bc1qr8fw0xj28emurqhu8k7gj4llzgnxf4dejhl04h
20220216,netwalker,bentley,3f050ddf9c5153c73d8017c267220216
20220217,carter,mango,bc1qr8fw0xj28emurqhu8k7gj4llzgnxf4dejhl04h
20220217,terry,ghost,39oab8zfholbva9uty9uv2m18sbii50iltkxsdurj5h79h0khrwhag4e1
20220217,terry,ghost,1hceahblhk1kidvk1nb5pwn0jefr
20220221,skippy,tramp,bc1qxxe0uz8dp820mnl7q5w3a2z9y4zgq9cr6smlf6
20220222,skippy,tramp,bc1qxxe0uz8dp820mnl7q5w3a2z9y4zgq9cr6smlf6
20220223,derekson,defender,33hig13gthtv2g8azxzbjhbpbpdnevck2b
20220223,derekson,defender,3351lrf9nrfh5v2cmzwscv66tv5uajx5gn
20220227,pumba,tramp,bc1qq6mq20rx2h7u77hp5azyqn9qrr2009quqvdld3
